new_num,new_filename,old_num,old_filename
T-000,T-000-template.md,T-000,T-000-template.md
T-001,T-001-skill-format-standardization.md,T-001,T-001-skill-format-standardization.md
T-002,T-002-skill-format-audit.md,T-002,T-002-skill-format-audit.md
T-003,T-003-data-directory-setup.md,T-003,T-003-data-directory-setup.md
T-004,T-004-program-clusters-structure.md,T-003,T-003-program-clusters-structure.md
T-005,T-005-structure-entities-market-gotm.md,T-003,T-003-structure-entities-market-gotm.md
T-006,T-006-unic-directories.md,T-004,T-004-unic-directories.md
T-007,T-007-roadmap-and-backlog.md,T-005,T-005-roadmap-and-backlog.md
T-008,T-008-outbound-mobility-baseline.md,T-006,T-006-outbound-mobility-baseline.md
T-009,T-009-priority-school-profiles.md,T-007,T-007-priority-school-profiles.md
T-010,T-010-education-agents-scan.md,T-008,T-008-education-agents-scan.md
T-011,T-011-medicine-competitor-scan.md,T-009,T-009-medicine-competitor-scan.md
T-012,T-012-digital-channel-benchmarks.md,T-010,T-010-digital-channel-benchmarks.md
T-013,T-013-school-outreach-playbook-v1.md,T-011,T-011-school-outreach-playbook-v1.md
T-014,T-014-offerholder-yield-workflows.md,T-012,T-012-offerholder-yield-workflows.md
T-015,T-015-unic-program-positioning.md,T-013,T-013-unic-program-positioning.md
T-016,T-016-data-dictionary-and-standards.md,T-014,T-014-data-dictionary-and-standards.md
T-017,T-017-scholarships-and-discounts-landscape.md,T-015,T-015-scholarships-and-discounts-landscape.md
T-018,T-018-fairs-and-events-calendar.md,T-016,T-016-fairs-and-events-calendar.md
T-019,T-019-multi-country-control-plane.md,T-017,T-017-multi-country-control-plane.md
T-020,T-020-ticket-scaffolding-multi-country.md,T-018,T-018-ticket-scaffolding-multi-country.md
T-021,T-021-bulgaria-migration.md,T-019,T-019-bulgaria-migration.md
T-022,T-022-global-skills-split.md,T-020,T-020-global-skills-split.md
T-023,T-023-nigeria-migration.md,T-021,T-021-nigeria-migration.md
T-024,T-024-greece-migration.md,T-022,T-022-greece-migration.md
T-025,T-025-cross-link-cleanup.md,T-023,T-023-cross-link-cleanup.md
T-026,T-026-qa-multi-country.md,T-024,T-024-qa-multi-country.md
T-027,T-027-unic-root-centralization.md,T-025,T-025-unic-root-centralization.md
T-028,T-028-country-skill-relocation.md,T-026,T-026-country-skill-relocation.md
T-029,T-029-high-school-profile-template.md,T-026,T-026-high-school-profile-template.md
T-030,T-030-bulgaria-outbound-mobility-refresh.md,T-027,T-027-bulgaria-outbound-mobility-refresh.md
T-031,T-031-unic-athens-programme-catalogue.md,T-027,T-027-unic-athens-programme-catalogue.md
T-032,T-032-greece-folder-alignment.md,T-028,T-028-greece-folder-alignment.md
T-033,T-033-jordan-country-setup.md,T-028,T-028-jordan-country-setup.md
T-034,T-034-lebanon-country-setup.md,T-028,T-028-lebanon-country-setup.md
T-035,T-035-romania-setup.md,T-028,T-028-romania-setup.md
T-036,T-036-serbia-scaffold.md,T-028,T-028-serbia-scaffold.md
T-037,T-037-sofia-feeder-school-dossiers.md,T-028,T-028-sofia-feeder-school-dossiers.md
T-038,T-038-varna-high-school-profiles.md,T-028,T-028-varna-high-school-profiles.md
T-039,T-039-anglo-american-school-of-sofia-refresh.md,T-029,T-029-anglo-american-school-of-sofia-refresh.md
T-040,T-040-bulgaria-high-school-skill-alignment.md,T-029,T-029-bulgaria-high-school-skill-alignment.md
T-041,T-041-plovdiv-profile-updates.md,T-030,T-030-plovdiv-profile-updates.md
T-042,T-042-readme-rebrand.md,T-030,T-030-readme-rebrand.md
T-043,T-043-jordan-outbound-mobility-refresh.md,T-031,T-031-jordan-outbound-mobility-refresh.md
T-044,T-044-nigeria-outbound-mobility.md,T-031,T-031-nigeria-outbound-mobility.md
T-045,T-045-bulgaria-school-upgrade-ticketization.md,T-032,T-032-bulgaria-school-upgrade-ticketization.md
T-046,T-046-reports-flattening.md,T-032,T-032-reports-flattening.md
T-047,T-047-research-runs-title.md,T-032,T-032-research-runs-title.md
T-048,T-048-unic-program-data-centralization.md,T-032,T-032-unic-program-data-centralization.md
T-049,T-049-sofia-91st-german-language-school-91neg-profile-upgrade.md,T-033,T-033-sofia-91st-german-language-school-91neg-profile-upgrade.md
T-050,T-050-sofia-9th-french-language-school-9feg-profile-upgrade.md,T-034,T-034-sofia-9th-french-language-school-9feg-profile-upgrade.md
T-051,T-051-sofia-american-college-of-sofia-profile-upgrade.md,T-035,T-035-sofia-american-college-of-sofia-profile-upgrade.md
T-052,T-052-sofia-american-english-academy-profile-upgrade.md,T-036,T-036-sofia-american-english-academy-profile-upgrade.md
T-053,T-053-sofia-american-school-of-bulgaria-profile-upgrade.md,T-037,T-037-sofia-american-school-of-bulgaria-profile-upgrade.md
T-054,T-054-sofia-anglo-american-school-of-sofia-profile-upgrade.md,T-038,T-038-sofia-anglo-american-school-of-sofia-profile-upgrade.md
T-055,T-055-sofia-british-school-of-sofia-profile-upgrade.md,T-039,T-039-sofia-british-school-of-sofia-profile-upgrade.md
T-056,T-056-sofia-cosmos-international-school-sofia-profile-upgrade.md,T-040,T-040-sofia-cosmos-international-school-sofia-profile-upgrade.md
T-057,T-057-sofia-deutsche-schule-sofia-profile-upgrade.md,T-041,T-041-sofia-deutsche-schule-sofia-profile-upgrade.md
T-058,T-058-sofia-first-english-language-school-1aeg-profile-upgrade.md,T-042,T-042-sofia-first-english-language-school-1aeg-profile-upgrade.md
T-059,T-059-sofia-international-ib-montessori-school-sofia-profile-upgrade.md,T-043,T-043-sofia-international-ib-montessori-school-sofia-profile-upgrade.md
T-060,T-060-sofia-international-school-uwekind-profile-upgrade.md,T-044,T-044-sofia-international-school-uwekind-profile-upgrade.md
T-061,T-061-sofia-national-high-school-of-math-natural-sciences-npmg-profile-upgrade.md,T-045,T-045-sofia-national-high-school-of-math-natural-sciences-npmg-profile-upgrade.md
T-062,T-062-sofia-sofia-mathematical-gymnasium-smg-profile-upgrade.md,T-046,T-046-sofia-sofia-mathematical-gymnasium-smg-profile-upgrade.md
T-063,T-063-sofia-st-george-international-school-sofia-profile-upgrade.md,T-047,T-047-sofia-st-george-international-school-sofia-profile-upgrade.md
T-064,T-064-sofia-zlatarski-international-school-of-sofia-profile-upgrade.md,T-048,T-048-sofia-zlatarski-international-school-of-sofia-profile-upgrade.md
T-065,T-065-plovdiv-eg-plovdiv-profile-upgrade.md,T-049,T-049-plovdiv-eg-plovdiv-profile-upgrade.md
T-066,T-066-plovdiv-mg-kiril-popov-profile-upgrade.md,T-050,T-050-plovdiv-mg-kiril-popov-profile-upgrade.md
T-067,T-067-plovdiv-classic-private-school-profile-upgrade.md,T-051,T-051-plovdiv-classic-private-school-profile-upgrade.md
T-068,T-068-plovdiv-druzhba-private-school-profile-upgrade.md,T-052,T-052-plovdiv-druzhba-private-school-profile-upgrade.md
T-069,T-069-plovdiv-stoyanstroi-stoyan-sariev-profile-upgrade.md,T-053,T-053-plovdiv-stoyanstroi-stoyan-sariev-profile-upgrade.md
T-070,T-070-plovdiv-french-language-gymnasium-exupery-profile-upgrade.md,T-054,T-054-plovdiv-french-language-gymnasium-exupery-profile-upgrade.md
T-071,T-071-plovdiv-eg-ivan-vazov-profile-upgrade.md,T-055,T-055-plovdiv-eg-ivan-vazov-profile-upgrade.md
T-072,T-072-plovdiv-talantite-private-business-school-profile-upgrade.md,T-056,T-056-plovdiv-talantite-private-business-school-profile-upgrade.md
T-073,T-073-plovdiv-gikn-private-it-cs-profile-upgrade.md,T-057,T-057-plovdiv-gikn-private-it-cs-profile-upgrade.md
T-074,T-074-plovdiv-humanities-gymnasium-cyril-methodius-profile-upgrade.md,T-058,T-058-plovdiv-humanities-gymnasium-cyril-methodius-profile-upgrade.md
T-075,T-075-plovdiv-national-gymnasium-stage-screen-arts-profile-upgrade.md,T-059,T-059-plovdiv-national-gymnasium-stage-screen-arts-profile-upgrade.md
T-076,T-076-plovdiv-national-art-school-tsanko-lavrenov-profile-upgrade.md,T-060,T-060-plovdiv-national-art-school-tsanko-lavrenov-profile-upgrade.md
T-077,T-077-varna-exupery-antoine-de-saint-exupery-profile-upgrade.md,T-061,T-061-varna-exupery-antoine-de-saint-exupery-profile-upgrade.md
T-078,T-078-varna-first-foreign-language-high-school-1eg-profile-upgrade.md,T-062,T-062-varna-first-foreign-language-high-school-1eg-profile-upgrade.md
T-079,T-079-varna-fourth-language-high-school-frederic-joliot-curie-4eg-profile-upgrade.md,T-063,T-063-varna-fourth-language-high-school-frederic-joliot-curie-4eg-profile-upgrade.md
T-080,T-080-varna-george-byron-private-language-school-profile-upgrade.md,T-064,T-064-varna-george-byron-private-language-school-profile-upgrade.md
T-081,T-081-varna-gpche-yoan-ekzarch-5eg-profile-upgrade.md,T-065,T-065-varna-gpche-yoan-ekzarch-5eg-profile-upgrade.md
T-082,T-082-varna-math-gymnasium-petar-beron-profile-upgrade.md,T-066,T-066-varna-math-gymnasium-petar-beron-profile-upgrade.md
T-083,T-083-varna-pg-tourism-prof-assen-zlatarov-profile-upgrade.md,T-067,T-067-varna-pg-tourism-prof-assen-zlatarov-profile-upgrade.md
T-084,T-084-varna-pghhvt-mendeleev-chem-food-tech-profile-upgrade.md,T-068,T-068-varna-pghhvt-mendeleev-chem-food-tech-profile-upgrade.md
T-085,T-085-varna-pgit-ivan-bogorov-profile-upgrade.md,T-069,T-069-varna-pgit-ivan-bogorov-profile-upgrade.md
T-086,T-086-varna-pgkmks-akad-blagovest-sendov-profile-upgrade.md,T-070,T-070-varna-pgkmks-akad-blagovest-sendov-profile-upgrade.md
T-087,T-087-varna-third-pmg-metodiy-popov-3pmg-profile-upgrade.md,T-071,T-071-varna-third-pmg-metodiy-popov-3pmg-profile-upgrade.md
T-088,T-088-varna-varna-maritime-high-school-saint-nicholas-profile-upgrade.md,T-072,T-072-varna-varna-maritime-high-school-saint-nicholas-profile-upgrade.md
T-089,T-089-agent-runs-relocation.md,T-073,T-073-agent-runs-relocation.md
T-090,T-090-bulgaria-regional-school-profiles.md,T-073,T-073-bulgaria-regional-school-profiles.md
T-091,T-091-nigeria-scaffolding-alignment.md,T-074,T-074-nigeria-scaffolding-alignment.md
T-092,T-092-burgas-aeg-geo-milev-profile-upgrade.md,T-075,T-075-burgas-aeg-geo-milev-profile-upgrade.md
T-093,T-093-burgas-neg-goethe-profile-upgrade.md,T-076,T-076-burgas-neg-goethe-profile-upgrade.md
T-094,T-094-burgas-ppmg-acad-nikola-obreshkov-profile-upgrade.md,T-077,T-077-burgas-ppmg-acad-nikola-obreshkov-profile-upgrade.md
T-095,T-095-haskovo-eg-asen-zlatarov-profile-upgrade.md,T-078,T-078-haskovo-eg-asen-zlatarov-profile-upgrade.md
T-096,T-096-kyustendil-eg-dr-petar-beron-profile-upgrade.md,T-079,T-079-kyustendil-eg-dr-petar-beron-profile-upgrade.md
T-097,T-097-pernik-gpce-simeon-radev-profile-upgrade.md,T-080,T-080-pernik-gpce-simeon-radev-profile-upgrade.md
T-098,T-098-ruse-leonardo-da-vinci-profile-upgrade.md,T-081,T-081-ruse-leonardo-da-vinci-profile-upgrade.md
T-099,T-099-ruse-souee-european-languages-profile-upgrade.md,T-082,T-082-ruse-souee-european-languages-profile-upgrade.md
T-100,T-100-stara-zagora-gpce-romain-rolland-profile-upgrade.md,T-083,T-083-stara-zagora-gpce-romain-rolland-profile-upgrade.md
T-101,T-101-stara-zagora-ppmg-geo-milev-profile-upgrade.md,T-084,T-084-stara-zagora-ppmg-geo-milev-profile-upgrade.md
T-102,T-102-veliko-tarnovo-pmg-vasil-drumev-profile-upgrade.md,T-085,T-085-veliko-tarnovo-pmg-vasil-drumev-profile-upgrade.md
T-103,T-103-blagoevgrad-eg-acad-lyudmil-stoyanov-profile-upgrade.md,T-086,T-086-blagoevgrad-eg-acad-lyudmil-stoyanov-profile-upgrade.md
T-104,T-104-delete-bulgaria-unic-portfolio-pricing-and-language-skill.md,T-087,T-087-delete-bulgaria-unic-portfolio-pricing-and-language-skill.md
T-105,T-105-global-data-model-skill.md,T-087,T-087-global-data-model-skill.md
T-106,T-106-global-schools-feeders-consolidation.md,T-087,T-087-global-schools-feeders-consolidation.md
T-107,T-107-recognition-licensure-global-standardization.md,T-087,T-087-recognition-licensure-global-standardization.md
T-108,T-108-lebanon-recognition-and-licensure-alignment.md,T-088,T-088-lebanon-recognition-and-licensure-alignment.md
T-109,T-109-multi-country-data-model-addenda.md,T-088,T-088-multi-country-data-model-addenda.md
T-110,T-110-lebanon-data-model-addendum.md,T-089,T-089-lebanon-data-model-addendum.md
T-111,T-111-global-skills-index-refresh.md,T-090,T-090-global-skills-index-refresh.md
T-112,T-112-lebanon-skills-alignment.md,T-090,T-090-lebanon-skills-alignment.md
T-113,T-113-country-directory-consolidation.md,T-091,T-091-country-directory-consolidation.md
T-114,T-114-school-outreach-and-counselor-engagement.md,T-091,T-091-school-outreach-and-counselor-engagement.md
T-115,T-115-scholarships-and-discounts-skill.md,T-092,T-092-scholarships-and-discounts-skill.md
T-116,T-116-events-and-fairs-skill.md,T-093,T-093-events-and-fairs-skill.md
T-117,T-117-digital-measurement-and-benchmarks.md,T-094,T-094-digital-measurement-and-benchmarks.md
T-118,T-118-offerholder-and-yield-playbooks.md,T-095,T-095-offerholder-and-yield-playbooks.md
T-119,T-119-documentation-path-audit.md,T-096,T-096-documentation-path-audit.md
T-120,T-120-bulgaria-agent-feeder-discovery.md,T-097,T-097-bulgaria-agent-feeder-discovery.md
T-121,T-121-competitor-ticketization.md,T-097,T-097-competitor-ticketization.md
T-122,T-122-country-addenda-for-new-global-skills.md,T-097,T-097-country-addenda-for-new-global-skills.md
T-123,T-123-nigeria-agent-feeder-discovery.md,T-098,T-098-nigeria-agent-feeder-discovery.md
T-124,T-124-greece-agent-feeder-discovery.md,T-099,T-099-greece-agent-feeder-discovery.md
T-125,T-125-jordan-agent-feeder-discovery.md,T-100,T-100-jordan-agent-feeder-discovery.md
T-126,T-126-lebanon-agent-feeder-discovery.md,T-101,T-101-lebanon-agent-feeder-discovery.md
T-127,T-127-romania-agent-feeder-discovery.md,T-102,T-102-romania-agent-feeder-discovery.md
T-128,T-128-serbia-agent-feeder-discovery.md,T-103,T-103-serbia-agent-feeder-discovery.md
T-129,T-129-bulgaria-government-regulators.md,T-104,T-104-bulgaria-government-regulators.md
T-130,T-130-nigeria-government-regulators.md,T-105,T-105-nigeria-government-regulators.md
T-131,T-131-greece-government-regulators.md,T-106,T-106-greece-government-regulators.md
T-132,T-132-jordan-government-regulators.md,T-107,T-107-jordan-government-regulators.md
T-133,T-133-lebanon-government-regulators.md,T-108,T-108-lebanon-government-regulators.md
T-134,T-134-romania-government-regulators.md,T-109,T-109-romania-government-regulators.md
T-135,T-135-serbia-government-regulators.md,T-110,T-110-serbia-government-regulators.md
T-136,T-136-bulgaria-ngos-sgos-scan.md,T-111,T-111-bulgaria-ngos-sgos-scan.md
T-137,T-137-greece-ngos-sgos-scan.md,T-112,T-112-greece-ngos-sgos-scan.md
T-138,T-138-nigeria-ngos-sgos-scan.md,T-113,T-113-nigeria-ngos-sgos-scan.md
T-139,T-139-jordan-ngos-sgos-scan.md,T-114,T-114-jordan-ngos-sgos-scan.md
T-140,T-140-lebanon-ngos-sgos-scan.md,T-115,T-115-lebanon-ngos-sgos-scan.md
T-141,T-141-romania-ngos-sgos-scan.md,T-116,T-116-romania-ngos-sgos-scan.md
T-142,T-142-serbia-ngos-sgos-scan.md,T-117,T-117-serbia-ngos-sgos-scan.md
T-143,T-143-bulgaria-fairs-events-research.md,T-118,T-118-bulgaria-fairs-events-research.md
T-144,T-144-nigeria-fairs-events-research.md,T-119,T-119-nigeria-fairs-events-research.md
T-145,T-145-greece-fairs-events-research.md,T-120,T-120-greece-fairs-events-research.md
T-146,T-146-jordan-fairs-events-research.md,T-121,T-121-jordan-fairs-events-research.md
T-147,T-147-lebanon-fairs-events-research.md,T-122,T-122-lebanon-fairs-events-research.md
T-148,T-148-romania-fairs-events-research.md,T-124,T-124-romania-fairs-events-research.md
T-149,T-149-serbia-fairs-events-research.md,T-125,T-125-serbia-fairs-events-research.md
T-150,T-150-bulgaria-competitor-capture.md,T-126,T-126-bulgaria-competitor-capture.md
T-151,T-151-nigeria-competitor-capture.md,T-127,T-127-nigeria-competitor-capture.md
T-152,T-152-greece-competitor-capture.md,T-128,T-128-greece-competitor-capture.md
T-153,T-153-jordan-competitor-capture.md,T-129,T-129-jordan-competitor-capture.md
T-154,T-154-lebanon-competitor-capture.md,T-130,T-130-lebanon-competitor-capture.md
T-155,T-155-romania-competitor-capture.md,T-131,T-131-romania-competitor-capture.md
T-156,T-156-serbia-competitor-capture.md,T-132,T-132-serbia-competitor-capture.md
T-157,T-157-bulgaria-education-system-research.md,T-133,T-133-bulgaria-education-system-research.md
T-158,T-158-nigeria-education-system-research.md,T-134,T-134-nigeria-education-system-research.md
T-159,T-159-greece-education-system-research.md,T-135,T-135-greece-education-system-research.md
T-160,T-160-jordan-education-system-research.md,T-136,T-136-jordan-education-system-research.md
T-161,T-161-lebanon-education-system-research.md,T-137,T-137-lebanon-education-system-research.md
T-162,T-162-romania-education-system-research.md,T-138,T-138-romania-education-system-research.md
T-163,T-163-serbia-education-system-research.md,T-139,T-139-serbia-education-system-research.md
T-164,T-164-bulgaria-exams-and-calendar-research.md,T-140,T-140-bulgaria-exams-and-calendar-research.md
T-165,T-165-nigeria-exams-and-calendar-research.md,T-141,T-141-nigeria-exams-and-calendar-research.md
T-166,T-166-greece-exams-and-calendar-research.md,T-142,T-142-greece-exams-and-calendar-research.md
T-167,T-167-jordan-exams-and-calendar-research.md,T-143,T-143-jordan-exams-and-calendar-research.md
T-168,T-168-lebanon-exams-and-calendar-research.md,T-144,T-144-lebanon-exams-and-calendar-research.md
T-169,T-169-romania-exams-and-calendar-research.md,T-145,T-145-romania-exams-and-calendar-research.md
T-170,T-170-serbia-exams-and-calendar-research.md,T-146,T-146-serbia-exams-and-calendar-research.md
T-171,T-171-jordan-premium-high-school-feeders.md,T-147,T-147-jordan-premium-high-school-feeders.md
T-172,T-172-lebanon-high-potential-feeder-schools.md,T-147,T-147-lebanon-high-potential-feeder-schools.md
T-173,T-173-lebanon-reports-flattening.md,T-147,T-147-lebanon-reports-flattening.md
T-174,T-174-romania-high-potential-feeder-schools.md,T-147,T-147-romania-high-potential-feeder-schools.md
T-175,T-175-country-readmes-bulgaria-romania.md,T-148,T-148-country-readmes-bulgaria-romania.md
T-176,T-176-greece-data-and-reports.md,T-148,T-148-greece-data-and-reports.md
T-177,T-177-greece-market-basics.md,T-148,T-148-greece-market-basics.md
T-178,T-178-greece-program-clusters.md,T-148,T-148-greece-program-clusters.md
T-179,T-179-lebanon-country-readme.md,T-148,T-148-lebanon-country-readme.md
T-180,T-180-nigeria-premium-secondary-feeders.md,T-148,T-148-nigeria-premium-secondary-feeders.md
T-181,T-181-agent-runs-to-executions.md,T-149,T-149-agent-runs-to-executions.md
T-182,T-182-romania-sch-ro-bucharest-aisb-profile.md,T-149,T-149-romania-sch-ro-bucharest-aisb-profile.md
T-183,T-183-romania-sch-ro-bucharest-isb-profile.md,T-150,T-150-romania-sch-ro-bucharest-isb-profile.md
T-184,T-184-romania-sch-ro-bucharest-mtis-profile.md,T-151,T-151-romania-sch-ro-bucharest-mtis-profile.md
T-185,T-185-romania-sch-ro-bucharest-seb-profile.md,T-152,T-152-romania-sch-ro-bucharest-seb-profile.md
T-186,T-186-romania-sch-ro-bucharest-lycee-francais-profile.md,T-153,T-153-romania-sch-ro-bucharest-lycee-francais-profile.md
T-187,T-187-romania-sch-ro-bucharest-ichb-profile.md,T-154,T-154-romania-sch-ro-bucharest-ichb-profile.md
T-188,T-188-romania-sch-ro-bucharest-ioanid-profile.md,T-155,T-155-romania-sch-ro-bucharest-ioanid-profile.md
T-189,T-189-romania-sch-ro-bucharest-avenor-profile.md,T-156,T-156-romania-sch-ro-bucharest-avenor-profile.md
T-190,T-190-romania-sch-ro-bucharest-verita-profile.md,T-157,T-157-romania-sch-ro-bucharest-verita-profile.md
T-191,T-191-romania-sch-ro-bucharest-csb-profile.md,T-158,T-158-romania-sch-ro-bucharest-csb-profile.md
T-192,T-192-romania-sch-ro-bucharest-bbis-profile.md,T-159,T-159-romania-sch-ro-bucharest-bbis-profile.md
T-193,T-193-romania-sch-ro-bucharest-genesis-profile.md,T-160,T-160-romania-sch-ro-bucharest-genesis-profile.md
T-194,T-194-romania-sch-ro-bucharest-bca-profile.md,T-161,T-161-romania-sch-ro-bucharest-bca-profile.md
T-195,T-195-romania-sch-ro-bucharest-deutsche-profile.md,T-162,T-162-romania-sch-ro-bucharest-deutsche-profile.md
T-196,T-196-romania-sch-ro-bucharest-maarif-profile.md,T-163,T-163-romania-sch-ro-bucharest-maarif-profile.md
T-197,T-197-romania-sch-ro-cluj-royal-profile.md,T-164,T-164-romania-sch-ro-cluj-royal-profile.md
T-198,T-198-romania-sch-ro-cluj-transylvania-profile.md,T-165,T-165-romania-sch-ro-cluj-transylvania-profile.md
T-199,T-199-romania-sch-ro-cluj-elf-profile.md,T-166,T-166-romania-sch-ro-cluj-elf-profile.md
T-200,T-200-romania-sch-ro-cluj-spectrum-profile.md,T-167,T-167-romania-sch-ro-cluj-spectrum-profile.md
T-201,T-201-romania-sch-ro-iasi-spectrum-profile.md,T-168,T-168-romania-sch-ro-iasi-spectrum-profile.md
T-202,T-202-romania-sch-ro-iasi-varlaam-profile.md,T-169,T-169-romania-sch-ro-iasi-varlaam-profile.md
T-203,T-203-romania-sch-ro-iasi-eviss-profile.md,T-170,T-170-romania-sch-ro-iasi-eviss-profile.md
T-204,T-204-romania-sch-ro-timisoara-bist-profile.md,T-171,T-171-romania-sch-ro-timisoara-bist-profile.md
T-205,T-205-romania-sch-ro-constanta-cambridge-profile.md,T-172,T-172-romania-sch-ro-constanta-cambridge-profile.md
T-206,T-206-romania-sch-ro-brasov-transylvania-profile.md,T-173,T-173-romania-sch-ro-brasov-transylvania-profile.md
T-207,T-207-romania-sch-ro-oradea-isor-profile.md,T-174,T-174-romania-sch-ro-oradea-isor-profile.md
T-208,T-208-lebanon-lb-beirut-american-community-school-profile.md,T-175,T-175-lebanon-lb-beirut-american-community-school-profile.md
T-209,T-209-lebanon-lb-beirut-international-college-profile.md,T-176,T-176-lebanon-lb-beirut-international-college-profile.md
T-210,T-210-lebanon-lb-beirut-college-protestant-francais-profile.md,T-177,T-177-lebanon-lb-beirut-college-protestant-francais-profile.md
T-211,T-211-lebanon-lb-beirut-beirut-baptist-school-profile.md,T-178,T-178-lebanon-lb-beirut-beirut-baptist-school-profile.md
T-212,T-212-lebanon-lb-beirut-college-notre-dame-de-nazareth-profile.md,T-179,T-179-lebanon-lb-beirut-college-notre-dame-de-nazareth-profile.md
T-213,T-213-lebanon-lb-beirut-grand-lycee-franco-libanais-profile.md,T-180,T-180-lebanon-lb-beirut-grand-lycee-franco-libanais-profile.md
T-214,T-214-lebanon-lb-beirut-lycee-verdun-profile.md,T-181,T-181-lebanon-lb-beirut-lycee-verdun-profile.md
T-215,T-215-lebanon-lb-hazmieh-antonines-profile.md,T-182,T-182-lebanon-lb-hazmieh-antonines-profile.md
T-216,T-216-lebanon-lb-brummana-high-school-boarding-profile.md,T-183,T-183-lebanon-lb-brummana-high-school-boarding-profile.md
T-217,T-217-lebanon-lb-dik-el-mehdi-champville-profile.md,T-184,T-184-lebanon-lb-dik-el-mehdi-champville-profile.md
T-218,T-218-lebanon-lb-metn-college-protestant-francais-profile.md,T-185,T-185-lebanon-lb-metn-college-protestant-francais-profile.md
T-219,T-219-lebanon-lb-ain-aar-international-college-profile.md,T-186,T-186-lebanon-lb-ain-aar-international-college-profile.md
T-220,T-220-lebanon-lb-adonis-lycee-marcel-pagnol-profile.md,T-187,T-187-lebanon-lb-adonis-lycee-marcel-pagnol-profile.md
T-221,T-221-lebanon-lb-zouk-mosbeh-college-notre-dame-de-louaize-profile.md,T-188,T-188-lebanon-lb-zouk-mosbeh-college-notre-dame-de-louaize-profile.md
T-222,T-222-lebanon-lb-aley-universal-college-profile.md,T-189,T-189-lebanon-lb-aley-universal-college-profile.md
T-223,T-223-jordan-jordan-kings-academy-profile.md,T-190,T-190-jordan-jordan-kings-academy-profile.md
T-224,T-224-jordan-jordan-acs-amman-profile.md,T-191,T-191-jordan-jordan-acs-amman-profile.md
T-225,T-225-jordan-jordan-ics-amman-profile.md,T-192,T-192-jordan-jordan-ics-amman-profile.md
T-226,T-226-jordan-jordan-abs-amman-profile.md,T-193,T-193-jordan-jordan-abs-amman-profile.md
T-227,T-227-jordan-jordan-iaa-amman-profile.md,T-194,T-194-jordan-jordan-iaa-amman-profile.md
T-228,T-228-jordan-jordan-nes-amman-profile.md,T-195,T-195-jordan-jordan-nes-amman-profile.md
T-229,T-229-jordan-jordan-mas-amman-profile.md,T-196,T-196-jordan-jordan-mas-amman-profile.md
T-230,T-230-jordan-jordan-amman-academy-profile.md,T-197,T-197-jordan-jordan-amman-academy-profile.md
T-231,T-231-nigeria-ng-lagos-aisl-profile.md,T-198,T-198-nigeria-ng-lagos-aisl-profile.md
T-232,T-232-nigeria-ng-lagos-bis-profile.md,T-199,T-199-nigeria-ng-lagos-bis-profile.md
T-233,T-233-nigeria-ng-lagos-charterhouse-profile.md,T-200,T-200-nigeria-ng-lagos-charterhouse-profile.md
T-234,T-234-nigeria-ng-lagos-lycee-francais-profile.md,T-201,T-201-nigeria-ng-lagos-lycee-francais-profile.md
T-235,T-235-nigeria-ng-lagos-rugby-school-profile.md,T-202,T-202-nigeria-ng-lagos-rugby-school-profile.md
T-236,T-236-nigeria-ng-lagos-lekki-british-profile.md,T-203,T-203-nigeria-ng-lagos-lekki-british-profile.md
T-237,T-237-nigeria-ng-lagos-cis-profile.md,T-204,T-204-nigeria-ng-lagos-cis-profile.md
T-238,T-238-nigeria-ng-abuja-ics-profile.md,T-205,T-205-nigeria-ng-abuja-ics-profile.md
T-239,T-239-nigeria-ng-abuja-lycee-francais-profile.md,T-206,T-206-nigeria-ng-abuja-lycee-francais-profile.md
T-240,T-240-nigeria-ng-abuja-aisa-profile.md,T-207,T-207-nigeria-ng-abuja-aisa-profile.md
T-241,T-241-nigeria-ng-jos-hillcrest-profile.md,T-208,T-208-nigeria-ng-jos-hillcrest-profile.md
T-242,T-242-serbia-international-school-of-belgrade-isb-profile.md,T-209,T-209-serbia-international-school-of-belgrade-isb-profile.md
T-243,T-243-serbia-ruder-boskovic-ib-profile.md,T-210,T-210-serbia-ruder-boskovic-ib-profile.md
T-244,T-244-serbia-chartwell-international-school-profile.md,T-211,T-211-serbia-chartwell-international-school-profile.md
T-245,T-245-serbia-savremena-international-school-profile.md,T-212,T-212-serbia-savremena-international-school-profile.md
T-246,T-246-serbia-koledz-basketball-gymnasium-profile.md,T-213,T-213-serbia-koledz-basketball-gymnasium-profile.md
T-247,T-247-serbia-ecole-francaise-de-belgrade-profile.md,T-214,T-214-serbia-ecole-francaise-de-belgrade-profile.md
T-248,T-248-serbia-deutsche-schule-belgrad-profile.md,T-215,T-215-serbia-deutsche-schule-belgrad-profile.md
T-249,T-249-serbia-clever-international-school-novi-sad-profile.md,T-216,T-216-serbia-clever-international-school-novi-sad-profile.md
T-250,T-250-serbia-international-school-crnjanski-jagodina-profile.md,T-217,T-217-serbia-international-school-crnjanski-jagodina-profile.md
T-251,T-251-serbia-british-international-school-belgrade-profile.md,T-218,T-218-serbia-british-international-school-belgrade-profile.md
T-252,T-252-serbia-prima-international-school-belgrade-profile.md,T-219,T-219-serbia-prima-international-school-belgrade-profile.md
T-253,T-253-serbia-brook-hill-international-school-belgrade-profile.md,T-220,T-220-serbia-brook-hill-international-school-belgrade-profile.md
T-254,T-254-serbia-gimnazija-crnjanski-belgrade-profile.md,T-221,T-221-serbia-gimnazija-crnjanski-belgrade-profile.md
T-255,T-255-serbia-westbridge-international-school-belgrade-profile.md,T-222,T-222-serbia-westbridge-international-school-belgrade-profile.md
T-256,T-256-serbia-prva-ruska-medunarodna-skola-valentina-tereskova-profile.md,T-223,T-223-serbia-prva-ruska-medunarodna-skola-valentina-tereskova-profile.md
T-257,T-257-research-workspace-removal.md,T-224,T-224-research-workspace-removal.md
T-258,T-258-ticket-creation-skill.md,T-225,T-225-ticket-creation-skill.md
T-259,T-259-global-csv-authoring-skill.md,T-226,T-226-global-csv-authoring-skill.md
T-260,T-260-bulgaria-high-priority-schools-audit.md,T-227,T-227-bulgaria-high-priority-schools-audit.md
T-261,T-261-lebanon-sch-lb-beirut-sscc-sioufi-profile.md,T-228,T-228-lebanon-sch-lb-beirut-sscc-sioufi-profile.md
T-262,T-262-lebanon-sch-lb-dekwaneh-antonine-international-school-profile.md,T-229,T-229-lebanon-sch-lb-dekwaneh-antonine-international-school-profile.md
T-263,T-263-lebanon-sch-lb-saida-houssam-eddine-hariri-profile.md,T-230,T-230-lebanon-sch-lb-saida-houssam-eddine-hariri-profile.md
T-264,T-264-jordan-country-setup.md,T-231,T-231-jordan-country-setup.md
T-265,T-265-plovdiv-eg-plovdiv-profile-upgrade.md,T-233,T-233-plovdiv-eg-plovdiv-profile-upgrade.md
T-266,T-266-plovdiv-classic-private-school-profile-upgrade.md,T-234,T-234-plovdiv-classic-private-school-profile-upgrade.md
T-267,T-267-plovdiv-druzhba-private-school-profile-upgrade.md,T-235,T-235-plovdiv-druzhba-private-school-profile-upgrade.md
T-268,T-268-plovdiv-national-gymnasium-stage-screen-arts-profile-upgrade.md,T-236,T-236-plovdiv-national-gymnasium-stage-screen-arts-profile-upgrade.md
T-269,T-269-varna-pgkmks-akad-blagovest-sendov-profile-upgrade.md,T-237,T-237-varna-pgkmks-akad-blagovest-sendov-profile-upgrade.md
T-270,T-270-varna-third-pmg-metodiy-popov-3pmg-profile-upgrade.md,T-238,T-238-varna-third-pmg-metodiy-popov-3pmg-profile-upgrade.md
T-271,T-271-kyustendil-eg-dr-petar-beron-profile-upgrade.md,T-239,T-239-kyustendil-eg-dr-petar-beron-profile-upgrade.md
T-272,T-272-veliko-tarnovo-pmg-vasil-drumev-profile-upgrade.md,T-240,T-240-veliko-tarnovo-pmg-vasil-drumev-profile-upgrade.md
T-273,T-273-lebanon-exams-and-calendar-research.md,T-241,T-241-lebanon-exams-and-calendar-research.md
T-274,T-274-romania-exams-and-calendar-research.md,T-242,T-242-romania-exams-and-calendar-research.md
T-275,T-275-serbia-exams-and-calendar-research.md,T-243,T-243-serbia-exams-and-calendar-research.md
T-276,T-276-romania-sch-ro-bucharest-aisb-profile.md,T-244,T-244-romania-sch-ro-bucharest-aisb-profile.md
T-277,T-277-romania-sch-ro-bucharest-ichb-profile.md,T-245,T-245-romania-sch-ro-bucharest-ichb-profile.md
T-278,T-278-romania-sch-ro-bucharest-ioanid-profile.md,T-246,T-246-romania-sch-ro-bucharest-ioanid-profile.md
T-279,T-279-romania-sch-ro-bucharest-avenor-profile.md,T-247,T-247-romania-sch-ro-bucharest-avenor-profile.md
T-280,T-280-romania-sch-ro-bucharest-bca-profile.md,T-248,T-248-romania-sch-ro-bucharest-bca-profile.md
T-281,T-281-romania-sch-ro-bucharest-deutsche-profile.md,T-249,T-249-romania-sch-ro-bucharest-deutsche-profile.md
T-282,T-282-nigeria-ng-lagos-bis-profile.md,T-250,T-250-nigeria-ng-lagos-bis-profile.md
T-283,T-283-nigeria-ng-lagos-charterhouse-profile.md,T-251,T-251-nigeria-ng-lagos-charterhouse-profile.md
T-284,T-284-nigeria-ng-lagos-lycee-francais-profile.md,T-252,T-252-nigeria-ng-lagos-lycee-francais-profile.md
T-285,T-285-nigeria-ng-lagos-rugby-school-profile.md,T-253,T-253-nigeria-ng-lagos-rugby-school-profile.md
T-286,T-286-nigeria-ng-lagos-lekki-british-profile.md,T-254,T-254-nigeria-ng-lagos-lekki-british-profile.md
T-287,T-287-nigeria-ng-lagos-cis-profile.md,T-255,T-255-nigeria-ng-lagos-cis-profile.md
T-288,T-288-nigeria-ng-abuja-ics-profile.md,T-256,T-256-nigeria-ng-abuja-ics-profile.md
T-289,T-289-nigeria-ng-abuja-aisa-profile.md,T-257,T-257-nigeria-ng-abuja-aisa-profile.md
T-290,T-290-nigeria-ng-jos-hillcrest-profile.md,T-258,T-258-nigeria-ng-jos-hillcrest-profile.md
T-291,T-291-serbia-international-school-of-belgrade-isb-profile.md,T-259,T-259-serbia-international-school-of-belgrade-isb-profile.md
T-292,T-292-serbia-ruder-boskovic-ib-profile.md,T-260,T-260-serbia-ruder-boskovic-ib-profile.md
T-293,T-293-serbia-savremena-international-school-profile.md,T-261,T-261-serbia-savremena-international-school-profile.md
T-294,T-294-serbia-koledz-basketball-gymnasium-profile.md,T-262,T-262-serbia-koledz-basketball-gymnasium-profile.md
T-295,T-295-serbia-ecole-francaise-de-belgrade-profile.md,T-263,T-263-serbia-ecole-francaise-de-belgrade-profile.md
T-296,T-296-serbia-deutsche-schule-belgrad-profile.md,T-264,T-264-serbia-deutsche-schule-belgrad-profile.md
T-297,T-297-serbia-clever-international-school-novi-sad-profile.md,T-265,T-265-serbia-clever-international-school-novi-sad-profile.md
T-298,T-298-serbia-international-school-crnjanski-jagodina-profile.md,T-266,T-266-serbia-international-school-crnjanski-jagodina-profile.md
T-299,T-299-serbia-british-international-school-belgrade-profile.md,T-267,T-267-serbia-british-international-school-belgrade-profile.md
T-300,T-300-serbia-brook-hill-international-school-belgrade-profile.md,T-268,T-268-serbia-brook-hill-international-school-belgrade-profile.md
T-301,T-301-serbia-gimnazija-crnjanski-belgrade-profile.md,T-269,T-269-serbia-gimnazija-crnjanski-belgrade-profile.md
T-302,T-302-serbia-westbridge-international-school-belgrade-profile.md,T-270,T-270-serbia-westbridge-international-school-belgrade-profile.md
T-303,T-303-global-email-skill.md,T-271,T-271-global-email-skill.md
T-304,T-304-global-messaging-skill.md,T-272,T-272-global-messaging-skill.md
T-305,T-305-marp-presentation-skill.md,T-273,T-273-marp-presentation-skill.md
T-306,T-306-nigeria-high-priority-schools-sync.md,T-274,T-274-nigeria-high-priority-schools-sync.md
T-307,T-307-serbia-high-priority-schools-sync.md,T-275,T-275-serbia-high-priority-schools-sync.md
T-308,T-308-romania-high-priority-schools-sync.md,T-276,T-276-romania-high-priority-schools-sync.md
T-309,T-309-lebanon-school-profile-sync.md,T-277,T-277-lebanon-school-profile-sync.md
T-310,T-310-jordan-high-priority-schools-refresh.md,T-278,T-278-jordan-high-priority-schools-refresh.md
T-311,T-311-nigeria-report-profile-gap-scan.md,T-279,T-279-nigeria-report-profile-gap-scan.md
T-312,T-312-greece-affordability-school-extraction.md,T-300,T-300-greece-affordability-school-extraction.md
T-313,T-313-sch-gr-athens-isa-001-profile.md,T-301,T-301-sch-gr-athens-isa-001-profile.md
T-314,T-314-sch-gr-acs-athens-001-profile.md,T-302,T-302-sch-gr-acs-athens-001-profile.md
T-315,T-315-sch-gr-pallini-cgs-001-profile.md,T-303,T-303-sch-gr-pallini-cgs-001-profile.md
T-316,T-316-sch-gr-pierce-001-profile.md,T-304,T-304-sch-gr-pierce-001-profile.md
T-317,T-317-sch-gr-athens-college-001-profile.md,T-305,T-305-sch-gr-athens-college-001-profile.md
T-318,T-318-sch-gr-psychiko-moraitis-001-profile.md,T-306,T-306-sch-gr-psychiko-moraitis-001-profile.md
T-319,T-319-sch-gr-marousi-doukas-001-profile.md,T-307,T-307-sch-gr-marousi-doukas-001-profile.md
T-320,T-320-sch-gr-filothei-ionios-001-profile.md,T-308,T-308-sch-gr-filothei-ionios-001-profile.md
T-321,T-321-sch-gr-koropi-geitonas-001-profile.md,T-309,T-309-sch-gr-koropi-geitonas-001-profile.md
T-322,T-322-sch-gr-argyroupoli-ims-001-profile.md,T-310,T-310-sch-gr-argyroupoli-ims-001-profile.md
T-323,T-323-sch-gr-pallini-campion-001-profile.md,T-311,T-311-sch-gr-pallini-campion-001-profile.md
T-324,T-324-sch-gr-agia-paraskevi-lfh-001-profile.md,T-312,T-312-sch-gr-agia-paraskevi-lfh-001-profile.md
T-325,T-325-sch-gr-athens-st-catherines-001-profile.md,T-313,T-313-sch-gr-athens-st-catherines-001-profile.md
T-326,T-326-sch-gr-attica-arsakeio-001-profile.md,T-314,T-314-sch-gr-attica-arsakeio-001-profile.md
T-327,T-327-sch-gr-athens-leonteios-001-profile.md,T-315,T-315-sch-gr-athens-leonteios-001-profile.md
T-328,T-328-sch-gr-piraeus-jeanne-darc-001-profile.md,T-316,T-316-sch-gr-piraeus-jeanne-darc-001-profile.md
T-329,T-329-sch-gr-neo-psychiko-ursulines-001-profile.md,T-317,T-317-sch-gr-neo-psychiko-ursulines-001-profile.md
T-330,T-330-sch-gr-kifisia-athinaiki-agogi-001-profile.md,T-318,T-318-sch-gr-kifisia-athinaiki-agogi-001-profile.md
T-331,T-331-sch-gr-piraeus-themistoklis-001-profile.md,T-319,T-319-sch-gr-piraeus-themistoklis-001-profile.md
T-332,T-332-sch-gr-piraeus-eps-001-profile.md,T-320,T-320-sch-gr-piraeus-eps-001-profile.md
T-333,T-333-sch-gr-athens-avgoulea-linardatou-001-profile.md,T-321,T-321-sch-gr-athens-avgoulea-linardatou-001-profile.md
T-334,T-334-sch-gr-athens-diamantopoulos-001-profile.md,T-322,T-322-sch-gr-athens-diamantopoulos-001-profile.md
T-335,T-335-sch-gr-athens-tsiamoulis-001-profile.md,T-323,T-323-sch-gr-athens-tsiamoulis-001-profile.md
T-336,T-336-sch-gr-athens-nea-paideia-001-profile.md,T-324,T-324-sch-gr-athens-nea-paideia-001-profile.md
T-337,T-337-sch-gr-thermi-pinewood-001-profile.md,T-325,T-325-sch-gr-thermi-pinewood-001-profile.md
T-338,T-338-sch-gr-anatolia-college-001-profile.md,T-326,T-326-sch-gr-anatolia-college-001-profile.md
T-339,T-339-sch-gr-pylaia-dst-001-profile.md,T-327,T-327-sch-gr-pylaia-dst-001-profile.md
T-340,T-340-sch-gr-thessaloniki-eft-001-profile.md,T-328,T-328-sch-gr-thessaloniki-eft-001-profile.md
T-341,T-341-sch-gr-thermi-hellenic-college-001-profile.md,T-329,T-329-sch-gr-thermi-hellenic-college-001-profile.md
T-342,T-342-sch-gr-thermi-mandoulides-001-profile.md,T-330,T-330-sch-gr-thermi-mandoulides-001-profile.md
T-343,T-343-sch-gr-thermi-vassiliadis-001-profile.md,T-331,T-331-sch-gr-thermi-vassiliadis-001-profile.md
T-344,T-344-sch-gr-neapoli-delasalle-001-profile.md,T-332,T-332-sch-gr-neapoli-delasalle-001-profile.md
T-345,T-345-sch-gr-pavlos-melas-fryganioti-001-profile.md,T-333,T-333-sch-gr-pavlos-melas-fryganioti-001-profile.md
T-346,T-346-sch-gr-thermi-aristoteleio-001-profile.md,T-334,T-334-sch-gr-thermi-aristoteleio-001-profile.md
T-347,T-347-sch-gr-pylaia-american-farm-001-profile.md,T-335,T-335-sch-gr-pylaia-american-farm-001-profile.md
T-348,T-348-sch-gr-pylaia-arsakeio-001-profile.md,T-336,T-336-sch-gr-pylaia-arsakeio-001-profile.md
T-349,T-349-sch-gr-pylaia-apostolos-pavlos-001-profile.md,T-337,T-337-sch-gr-pylaia-apostolos-pavlos-001-profile.md
T-350,T-350-sch-gr-patras-arsakeio-001-profile.md,T-338,T-338-sch-gr-patras-arsakeio-001-profile.md
T-351,T-351-sch-gr-patras-anagennisi-001-profile.md,T-339,T-339-sch-gr-patras-anagennisi-001-profile.md
T-352,T-352-sch-gr-patras-themelio-001-profile.md,T-340,T-340-sch-gr-patras-themelio-001-profile.md
T-353,T-353-sch-gr-patras-trianteio-001-profile.md,T-341,T-341-sch-gr-patras-trianteio-001-profile.md
T-354,T-354-sch-gr-larissa-raptou-001-profile.md,T-342,T-342-sch-gr-larissa-raptou-001-profile.md
T-355,T-355-sch-gr-larissa-bakogianni-001-profile.md,T-343,T-343-sch-gr-larissa-bakogianni-001-profile.md
T-356,T-356-sch-gr-volos-promitheas-001-profile.md,T-344,T-344-sch-gr-volos-promitheas-001-profile.md
T-357,T-357-sch-gr-trikala-athena-001-profile.md,T-345,T-345-sch-gr-trikala-athena-001-profile.md
T-358,T-358-sch-gr-ioannina-arsakeio-001-profile.md,T-346,T-346-sch-gr-ioannina-arsakeio-001-profile.md
T-359,T-359-sch-gr-ioannina-dodonaia-001-profile.md,T-347,T-347-sch-gr-ioannina-dodonaia-001-profile.md
T-360,T-360-sch-gr-ioannina-zografio-001-profile.md,T-348,T-348-sch-gr-ioannina-zografio-001-profile.md
T-361,T-361-sch-gr-heraklion-pagkritio-001-profile.md,T-349,T-349-sch-gr-heraklion-pagkritio-001-profile.md
T-362,T-362-sch-gr-chania-theodoropoulos-001-profile.md,T-350,T-350-sch-gr-chania-theodoropoulos-001-profile.md
T-363,T-363-sch-gr-kalamata-bougas-001-profile.md,T-351,T-351-sch-gr-kalamata-bougas-001-profile.md
T-364,T-364-sch-gr-katerini-platon-001-profile.md,T-352,T-352-sch-gr-katerini-platon-001-profile.md
T-365,T-365-sch-gr-rhodes-college-001-profile.md,T-353,T-353-sch-gr-rhodes-college-001-profile.md
T-366,T-366-sch-gr-rhodes-rodion-paideia-001-profile.md,T-354,T-354-sch-gr-rhodes-rodion-paideia-001-profile.md
T-367,T-367-sch-gr-chios-teens-001-profile.md,T-355,T-355-sch-gr-chios-teens-001-profile.md
T-368,T-368-greece-schools-index-and-csv-refresh.md,T-356,T-356-greece-schools-index-and-csv-refresh.md
T-369,T-369-research-request-brief-skill.md,T-357,T-357-research-request-brief-skill.md
T-370,T-370-ticket-governance-cleanup.md,T-357,T-357-ticket-governance-cleanup.md
T-371,T-371-automerge-workflow.md,T-358,T-358-automerge-workflow.md
T-372,T-372-autoresolve-conflicts.md,T-359,T-359-autoresolve-conflicts.md
T-373,T-373-canonicalize-markdown-workflow.md,T-360,T-360-canonicalize-markdown-workflow.md
T-374,T-374-secret-scan-workflow.md,T-361,T-361-secret-scan-workflow.md
T-375,T-375-automation-token-fallback.md,T-362,T-362-automation-token-fallback.md
T-376,T-376-automation-app-id-fix.md,T-363,T-363-automation-app-id-fix.md
T-377,T-377-autoresolve-needs-rebase-handoff.md,T-364,T-364-autoresolve-needs-rebase-handoff.md
T-378,T-378-bulgaria-schools-index-refresh.md,T-365,T-365-bulgaria-schools-index-refresh.md
T-379,T-379-nigeria-schools-roster-accuracy.md,T-365,T-365-nigeria-schools-roster-accuracy.md
T-380,T-380-bulgaria-premium-feeder-report.md,T-366,T-366-bulgaria-premium-feeder-report.md
T-381,T-381-jordan-readme.md,T-366,T-366-jordan-readme.md
T-382,T-382-pr-check-retrigger.md,T-366,T-366-pr-check-retrigger.md
T-383,T-383-canonicalize-md-tempfile-cleanup.md,T-367,T-367-canonicalize-md-tempfile-cleanup.md
T-384,T-384-canonicalize-blank-lines.md,T-368,T-368-canonicalize-blank-lines.md
T-385,T-385-disable-canonicalize-workflow.md,T-369,T-369-disable-canonicalize-workflow.md
T-386,T-386-disable-gitleaks-actions.md,T-370,T-370-disable-gitleaks-actions.md
T-387,T-387-md-canonicalization-skill.md,T-370,T-370-md-canonicalization-skill.md
T-388,T-388-deterministic-id-governance-skill.md,T-371,T-371-deterministic-id-governance-skill.md
T-389,T-389-greece-competitor-link-updates.md,T-371,T-371-greece-competitor-link-updates.md
T-390,T-390-unic-campus-structure-refresh.md,T-371,T-371-unic-campus-structure-refresh.md
T-391,T-391-id-minting-cli-and-registry-lint.md,T-372,T-372-id-minting-cli-and-registry-lint.md
T-392,T-392-unic-nicosia-housing.md,T-372,T-372-unic-nicosia-housing.md
T-393,T-393-doukas-evoresearcher-prompt.md,T-373,T-373-doukas-evoresearcher-prompt.md
T-394,T-394-control-plane-refresh.md,T-374,T-374-control-plane-refresh.md
T-395,T-395-greece-aristotle-competitor-profile.md,T-375,T-375-greece-aristotle-competitor-profile.md
T-396,T-396-readme-usability-refresh.md,T-375,T-375-readme-usability-refresh.md
T-397,T-397-greece-university-of-athens-competitor-profile.md,T-401,T-401-greece-university-of-athens-competitor-profile.md
T-398,T-398-university-of-patras-competitor-profile.md,T-401,T-401-university-of-patras-competitor-profile.md
T-399,T-399-readme-parallelism-philosophy.md,T-402,T-402-readme-parallelism-philosophy.md
T-400,T-400-infrastructure-directory.md,T-403,T-403-infrastructure-directory.md
T-401,T-401-copernicus-amphitheater.md,T-404,T-404-copernicus-amphitheater.md
T-402,T-402-old-intercollege-kitchen-report.md,T-404,T-404-old-intercollege-kitchen-report.md
T-403,T-403-copernicus-room-photo-renaming.md,T-405,T-405-copernicus-room-photo-renaming.md
T-404,T-404-old-teaching-kitchen-renaming.md,T-405,T-405-old-teaching-kitchen-renaming.md
T-405,T-405-new-teaching-kitchen-photos.md,T-406,T-406-new-teaching-kitchen-photos.md
T-406,T-406-old-teaching-kitchen-photos-subfolder.md,T-406,T-406-old-teaching-kitchen-photos-subfolder.md
T-407,T-407-new-teaching-kitchen-photo-index.md,T-407,T-407-new-teaching-kitchen-photo-index.md
T-408,T-408-ticket-renumbering.md,T-408,T-408-ticket-renumbering.md
